{
    "x_values": [
        0.0,
        0.02,
        0.04,
        0.06,
        0.08,
        0.1,
        0.12,
        0.14,
        0.16,
        0.18,
        0.2,
        0.22,
        0.24,
        0.26,
        0.28,
        0.3,
        0.32,
        0.34,
        0.36,
        0.38,
        0.4,
        0.42,
        0.44,
        0.46,
        0.48,
        0.5,
        0.52,
        0.54,
        0.56,
        0.58,
        0.6,
        0.62,
        0.64,
        0.66,
        0.68,
        0.7,
        0.72,
        0.74,
        0.76,
        0.78,
        0.8,
        0.82,
        0.84,
        0.86,
        0.88,
        0.9,
        0.92,
        0.94,
        0.96,
        0.98,
        1.0
    ],
    "y_values": [
        0.35450819672131145,
        0.38524590163934425,
        0.39139344262295084,
        0.38934426229508196,
        0.39344262295081966,
        0.3975409836065574,
        0.39959016393442626,
        0.4016393442622951,
        0.4036885245901639,
        0.4077868852459016,
        0.4077868852459016,
        0.41188524590163933,
        0.41188524590163933,
        0.41188524590163933,
        0.4139344262295082,
        0.4139344262295082,
        0.4139344262295082,
        0.41598360655737704,
        0.41598360655737704,
        0.4180327868852459,
        0.4180327868852459,
        0.42008196721311475,
        0.4180327868852459,
        0.4180327868852459,
        0.4180327868852459,
        0.4180327868852459,
        0.4180327868852459,
        0.42008196721311475,
        0.42008196721311475,
        0.42008196721311475,
        0.42008196721311475,
        0.42008196721311475,
        0.42213114754098363,
        0.42213114754098363,
        0.42213114754098363,
        0.42213114754098363,
        0.42213114754098363,
        0.42213114754098363,
        0.42213114754098363,
        0.42213114754098363,
        0.42213114754098363,
        0.42213114754098363,
        0.42213114754098363,
        0.42213114754098363,
        0.42213114754098363,
        0.42213114754098363,
        0.42213114754098363,
        0.42213114754098363,
        0.42213114754098363,
        0.42213114754098363,
        0.4139344262295082
    ],
    "turning_points_x": [
        0.66,
        0.97
    ],
    "turning_points_y": [
        0.42213114754098363,
        0.42213114754098363
    ],
    "lowest": 0.35450819672131145
}